task,layer,n_prefill,n_decode,n_union,union_experts
gsm8k,0,87,88,104,0 1 2 3 7 8 9 11 12 13 14 16 17 18 21 22 23 26 27 28 29 30 31 32 33 34 35 38 40 41 43 44 45 47 48 49 50 51 52 53 57 58 60 61 62 63 64 65 66 67 68 69 70 71 72 73 75 76 77 80 81 82 83 84 85 86 87 88 89 91 92 93 94 95 97 98 99 100 101 102 103 104 105 106 107 108 109 110 111 112 114 115 116 117 118 119 120 121 122 123 124 125 126 127
gsm8k,1,81,87,102,1 2 3 4 5 6 7 8 9 11 12 15 16 17 18 19 21 22 23 25 26 27 28 29 30 31 32 33 34 37 38 41 42 43 44 45 46 47 48 49 50 51 52 53 54 56 57 58 59 60 62 63 64 65 66 68 69 70 72 74 75 76 77 78 80 82 83 84 85 86 87 88 89 90 91 92 94 95 97 98 99 100 102 105 106 107 108 109 111 112 113 115 116 117 119 120 121 122 123 124 125 127
gsm8k,2,61,73,84,0 1 2 4 6 7 8 9 12 14 15 16 17 18 20 21 23 24 25 27 29 31 32 37 38 39 40 41 45 46 47 48 49 50 51 52 53 54 55 56 57 59 60 61 64 65 67 68 69 70 72 75 76 77 80 82 84 85 87 88 89 90 92 93 94 95 97 98 99 100 103 104 108 110 112 115 116 117 119 122 123 125 126 127
gsm8k,3,66,76,90,0 1 2 4 5 6 7 9 10 11 12 13 16 17 19 20 21 23 24 25 29 30 31 34 35 37 38 39 41 42 45 46 47 50 51 55 57 59 60 61 62 64 66 67 69 70 71 72 73 74 75 76 77 79 80 81 82 84 86 87 88 89 90 91 92 93 94 97 98 99 100 101 102 103 104 105 106 107 108 109 112 114 115 117 120 121 123 124 126 127
gsm8k,4,54,69,81,0 2 4 5 7 9 10 11 13 16 19 22 23 25 26 27 29 30 31 32 39 40 43 44 46 47 48 50 52 53 55 56 57 58 60 63 64 65 67 70 73 74 75 76 79 81 83 85 86 87 88 89 90 91 92 93 95 96 97 98 99 100 101 102 103 104 105 106 107 109 110 111 112 113 114 115 118 119 121 122 124
gsm8k,5,59,65,76,1 2 4 5 7 8 9 10 13 17 18 21 22 25 29 30 31 33 34 37 39 41 42 43 44 45 47 48 49 51 52 53 54 58 59 61 62 64 66 68 70 71 72 74 75 76 77 79 80 82 86 87 90 93 94 96 97 99 101 103 105 106 107 108 109 110 111 112 114 115 117 122 123 124 125 127
gsm8k,6,46,50,67,1 2 3 4 7 8 9 10 11 12 13 14 16 17 22 23 24 25 27 28 34 35 37 38 39 41 43 44 52 53 54 55 56 63 65 67 70 71 73 76 77 78 79 83 84 86 87 89 96 97 98 99 101 103 105 106 107 109 110 115 116 118 119 120 123 125 127
gsm8k,7,51,48,65,1 2 3 4 5 7 8 9 12 13 16 17 18 20 21 22 24 27 28 30 31 32 34 38 41 45 47 48 49 50 51 53 56 58 59 61 62 65 66 67 69 72 73 75 79 80 82 86 87 89 94 95 101 108 109 110 112 113 115 116 119 122 124 125 127
gsm8k,8,61,66,85,2 3 4 5 8 9 11 12 13 15 16 17 18 19 20 21 22 24 26 27 28 29 30 31 32 33 35 36 37 38 41 42 44 45 46 47 48 51 52 53 55 56 57 58 61 62 64 65 66 67 69 70 71 72 74 77 78 79 80 81 84 85 86 87 90 99 100 101 102 105 106 108 109 110 111 113 114 116 118 121 122 123 124 125 126
gsm8k,9,52,61,75,0 2 5 7 8 9 10 14 16 17 18 19 21 23 24 26 27 28 32 33 34 35 37 38 41 43 44 45 47 48 49 52 53 55 57 58 62 64 65 66 67 69 70 71 77 78 81 82 83 84 85 86 87 88 89 90 92 94 95 96 97 98 99 100 101 104 105 107 108 110 114 115 116 122 125
gsm8k,10,66,69,92,0 2 3 4 5 6 8 9 10 11 13 14 15 16 18 19 22 23 24 25 26 27 29 30 32 33 34 35 36 37 40 42 43 45 46 47 48 50 53 54 55 56 57 58 59 61 62 63 65 66 67 68 70 71 72 73 74 75 76 81 82 83 84 85 86 87 88 90 92 94 97 98 99 100 101 103 105 107 109 110 112 113 114 115 116 118 120 121 122 123 126 127
gsm8k,11,69,67,91,1 3 4 5 6 7 8 9 10 11 12 13 14 16 17 18 21 22 23 24 25 26 27 28 30 31 32 35 36 37 39 41 42 43 45 46 47 49 50 51 52 53 56 58 59 60 61 62 63 64 65 67 69 70 71 72 75 76 77 78 79 82 85 86 87 89 90 94 95 96 97 99 100 102 104 105 106 107 109 110 111 114 116 117 118 120 122 123 124 125 127
gsm8k,12,63,66,88,0 1 2 3 5 7 8 9 11 12 15 18 19 20 21 22 23 24 25 26 28 30 33 35 36 37 38 44 45 46 47 48 50 52 53 54 55 56 57 59 60 61 62 64 65 66 69 71 74 75 77 78 79 80 83 85 87 89 91 92 93 94 95 96 97 98 99 100 101 102 103 104 105 107 111 112 113 114 116 117 118 119 120 121 122 123 125 126
gsm8k,13,63,70,85,0 1 2 4 6 8 11 12 13 14 15 16 18 19 20 21 23 24 25 26 27 28 31 32 34 35 36 38 41 42 44 47 48 49 52 55 57 58 59 60 63 64 66 67 68 73 75 77 78 79 80 81 82 84 86 88 92 93 95 97 98 99 101 102 103 104 105 107 109 110 111 112 113 114 115 117 118 119 121 122 123 124 125 126 127
gsm8k,14,63,61,80,1 2 5 6 7 10 11 12 14 16 17 18 19 20 21 22 24 27 28 29 32 36 38 40 44 46 47 48 49 52 53 59 60 61 62 63 64 66 67 68 69 70 73 74 75 76 79 80 81 82 83 84 85 86 88 89 90 91 92 93 94 95 96 100 101 102 104 105 107 110 111 115 117 118 119 121 123 125 126 127
gsm8k,15,57,56,74,0 2 4 7 8 9 10 11 12 13 14 17 18 19 20 22 24 25 27 28 29 30 31 32 33 34 36 37 38 41 45 48 49 51 52 59 60 63 64 70 71 72 75 79 82 83 85 87 88 89 90 93 98 100 101 102 103 104 106 107 111 112 115 116 117 118 120 121 122 123 124 125 126 127
gsm8k,16,63,58,72,0 4 6 7 8 10 11 12 13 15 16 17 20 22 27 28 29 30 34 36 37 39 40 42 43 44 48 50 51 54 55 57 58 62 64 65 70 73 74 75 76 77 78 79 81 82 83 87 89 90 91 95 97 98 99 101 103 105 108 110 111 112 113 114 115 117 118 119 121 122 123 124
gsm8k,17,62,59,78,0 1 2 5 7 9 11 13 14 15 17 18 19 20 21 22 28 30 34 35 37 38 40 41 42 44 45 46 48 49 50 52 53 54 55 56 57 58 61 62 63 64 65 66 68 69 72 73 74 75 77 78 79 80 82 83 84 86 88 89 90 92 93 94 97 99 105 109 112 115 118 119 120 121 122 123 124 126
gsm8k,18,52,49,65,0 2 3 4 7 8 9 10 11 12 13 16 17 23 24 25 26 27 28 34 35 37 38 41 43 44 53 54 56 58 63 65 67 70 71 73 76 77 78 79 81 83 84 86 87 88 96 98 99 101 104 105 106 107 109 111 112 115 116 118 119 120 123 125 127
gsm8k,19,51,48,65,2 4 5 7 8 9 10 11 12 13 16 17 18 20 21 22 24 27 28 30 31 32 33 38 41 43 45 47 49 50 52 53 56 58 59 60 61 62 65 66 67 70 72 75 79 80 82 86 87 88 94 95 101 103 109 110 112 113 115 119 122 123 124 125 127
gsm8k,20,59,60,76,2 3 4 5 6 8 9 11 12 13 15 16 17 18 19 20 21 22 24 26 27 28 29 30 32 35 36 37 38 41 42 46 47 48 51 52 53 55 56 57 59 61 62 64 65 66 67 70 72 74 77 78 79 81 84 85 86 87 92 99 100 101 102 105 109 110 111 113 116 118 121 122 123 124 125 126
gsm8k,21,57,59,81,0 2 5 6 7 8 9 10 11 14 16 18 19 21 23 24 26 27 28 32 33 34 35 37 38 39 40 41 43 44 45 47 48 49 50 52 53 55 57 58 62 63 64 65 66 69 70 71 77 78 79 81 82 83 84 85 86 87 88 89 90 91 92 94 95 97 98 99 100 101 104 105 107 108 110 111 114 115 116 122 125
gsm8k,22,68,64,85,0 2 3 4 5 8 9 10 12 13 14 15 16 19 22 23 24 26 27 28 29 31 32 33 34 35 37 40 41 42 43 45 46 47 48 50 53 54 55 56 57 58 61 63 65 66 67 68 69 70 71 73 74 75 76 78 81 82 83 84 85 86 87 90 92 94 97 98 99 100 101 102 103 105 109 110 114 115 116 120 121 123 124 126 127
gsm8k,23,67,63,85,1 3 4 5 6 7 9 10 11 12 13 14 19 21 22 23 24 25 26 27 28 30 31 32 35 36 39 41 42 43 45 46 49 50 52 53 54 55 56 58 59 60 61 62 63 64 65 67 68 70 71 72 73 75 76 77 78 79 82 85 86 87 89 90 94 95 96 97 99 100 102 104 107 109 110 111 113 114 117 118 120 121 123 125 127
gsm8k,24,60,63,85,0 1 3 4 7 8 9 11 12 15 17 18 19 20 21 22 23 24 25 26 28 30 33 35 36 37 38 40 44 45 46 47 48 49 50 52 53 54 55 56 57 59 60 61 62 64 65 66 69 71 74 75 77 78 80 83 85 89 91 92 94 95 96 98 99 101 102 103 104 105 106 107 111 113 114 116 117 118 119 120 122 123 124 125 126
gsm8k,25,65,64,83,0 1 2 4 6 8 11 12 13 14 15 16 18 19 20 23 24 25 26 27 28 31 32 34 35 36 38 41 42 45 47 49 50 52 55 57 58 59 60 61 62 63 66 67 68 75 77 78 79 80 81 82 84 88 89 91 92 95 97 99 101 102 103 104 105 107 109 110 111 112 113 114 115 116 117 118 119 121 122 123 124 125 126
gsm8k,26,63,60,82,1 2 4 5 7 10 11 12 13 16 17 18 19 20 21 22 24 26 27 28 32 36 38 40 43 44 46 47 48 49 52 53 55 60 61 62 64 66 67 68 69 70 71 73 74 75 76 78 79 80 81 82 83 84 85 86 88 89 90 91 92 93 94 95 96 98 100 101 102 104 105 107 108 110 115 117 118 119 121 125 126 127
gsm8k,27,58,54,74,0 2 4 5 7 8 9 10 11 12 13 14 18 19 20 21 22 25 26 27 28 29 30 32 33 34 36 37 41 44 45 48 49 51 52 54 59 60 63 64 65 70 71 72 75 79 82 83 85 87 88 90 93 98 100 101 102 103 104 106 107 110 111 112 115 116 117 118 120 121 124 125 126 127
gsm8k,28,60,57,75,0 4 6 7 8 9 10 11 12 15 16 17 20 22 27 28 29 30 34 35 36 37 39 40 42 44 50 51 53 54 55 57 58 60 65 70 73 74 75 76 77 78 79 80 81 82 83 87 89 90 91 94 95 97 98 99 100 101 103 105 107 108 109 110 111 112 113 114 115 117 118 119 121 123 124
gsm8k,29,62,58,77,0 1 2 3 5 7 11 12 13 14 15 17 18 19 21 22 28 30 34 35 36 38 40 42 44 45 46 48 49 50 52 53 54 55 56 57 58 61 62 63 64 65 66 68 69 72 73 74 75 77 78 79 80 81 82 83 84 85 88 92 93 94 97 99 105 108 109 112 115 118 119 120 121 122 123 124 126
gsm8k,30,50,54,65,0 2 3 4 7 8 9 11 12 13 14 16 17 23 24 25 26 27 30 35 37 41 42 43 44 46 52 53 54 55 58 60 63 67 70 71 72 75 76 77 78 79 83 84 86 87 88 96 98 99 101 105 106 107 109 111 115 116 118 119 120 122 123 125 127
gsm8k,31,51,49,67,2 4 5 7 8 9 10 11 12 13 16 17 18 21 22 24 27 28 30 31 32 33 34 38 39 41 43 45 47 48 49 50 52 53 55 56 58 59 60 61 62 66 67 69 72 75 79 80 82 86 87 88 94 95 100 101 103 109 110 112 113 115 119 122 123 124 127
gsm8k,32,58,62,74,2 3 4 5 8 9 11 12 13 15 16 17 18 19 20 21 22 24 26 27 28 29 30 32 35 36 37 38 39 41 42 45 46 47 48 51 53 55 56 57 59 61 62 65 66 67 69 70 71 72 74 77 79 84 85 86 87 89 90 92 99 101 102 105 109 110 111 114 116 118 121 122 125 126
gsm8k,33,54,59,73,0 2 4 5 6 7 8 9 10 14 16 17 18 19 21 24 26 27 32 33 34 37 38 40 41 43 44 45 47 48 49 52 53 55 57 58 62 63 64 65 66 69 71 77 78 79 81 82 83 84 85 86 87 88 90 92 94 97 98 99 100 101 104 105 106 107 108 110 114 115 116 122 125
gsm8k,34,68,68,89,2 3 4 5 7 9 10 11 12 13 14 15 16 18 19 22 23 24 25 26 27 29 31 32 33 34 35 37 39 40 41 42 43 45 46 47 48 50 53 54 55 56 57 58 61 63 65 66 67 68 69 70 71 73 74 75 76 78 81 82 84 85 86 87 88 90 92 97 98 99 100 101 102 103 105 109 110 111 113 114 115 116 120 121 122 123 124 126 127
gsm8k,35,66,68,89,1 3 4 5 6 7 8 9 10 11 12 13 14 17 21 22 23 24 25 26 27 28 30 31 32 35 36 39 41 42 43 45 46 47 48 49 50 52 54 55 56 58 59 60 61 62 63 64 65 66 67 70 71 72 73 75 76 77 78 79 82 85 86 87 89 90 94 95 96 97 99 100 101 102 104 105 109 110 111 113 114 117 118 120 121 122 123 125 127
gsm8k,36,61,67,85,0 3 7 8 9 11 12 14 15 17 18 19 20 21 22 23 24 25 26 28 30 33 34 35 36 37 38 39 44 46 47 48 49 50 52 53 54 55 56 60 61 62 64 65 66 69 71 73 74 75 77 78 79 80 83 85 91 92 94 95 96 98 99 100 101 102 103 104 105 106 107 108 111 112 113 114 116 117 118 119 120 121 122 126 127
gsm8k,37,64,66,85,0 2 4 6 8 11 12 13 14 15 16 18 19 20 21 23 24 25 26 27 28 31 32 34 35 36 38 41 42 44 45 47 49 50 52 55 57 58 60 61 62 63 66 67 68 73 75 77 78 79 80 81 82 84 86 88 89 91 92 95 97 98 101 102 103 104 105 106 107 109 110 111 112 113 114 115 117 118 119 121 122 123 124 125 127
gsm8k,38,60,66,80,2 4 5 6 7 10 11 12 13 14 15 16 17 18 19 20 21 22 23 27 28 32 36 40 43 44 46 47 48 49 52 53 55 60 61 62 63 64 66 67 68 69 70 71 74 75 76 78 79 80 81 82 83 84 86 88 89 90 91 92 93 95 96 98 100 101 102 104 105 107 108 110 115 117 118 119 124 125 126 127
gsm8k,39,58,62,78,0 2 4 5 7 8 9 10 11 13 14 16 17 18 19 20 22 24 25 26 27 28 29 30 32 34 36 37 41 45 46 49 51 52 53 54 59 60 63 65 67 70 71 72 75 77 78 79 82 83 85 87 88 89 90 93 98 100 101 103 104 105 106 107 110 111 112 115 116 117 118 120 121 122 123 124 125 127
gsm8k,40,57,64,73,0 2 6 7 8 11 12 13 14 15 16 17 20 22 27 28 29 30 34 36 37 39 40 42 44 46 48 50 51 53 54 55 57 58 60 62 65 68 70 71 73 74 75 76 77 79 81 83 87 89 90 94 95 98 99 100 101 103 105 106 107 108 109 110 112 114 115 117 118 119 121 123 124
gsm8k,41,63,68,78,0 1 2 5 7 9 11 13 14 15 17 18 19 20 21 22 23 26 28 33 34 35 36 38 42 44 45 46 48 49 50 52 53 54 55 56 57 58 59 61 62 63 64 65 66 68 69 72 74 76 77 78 79 80 81 82 83 84 85 86 88 90 92 93 94 97 105 109 112 115 119 120 121 122 123 124 126 127
gsm8k,42,57,66,74,2 6 7 8 9 12 14 16 17 18 20 21 23 24 25 27 28 30 31 32 33 36 37 38 39 43 47 49 52 55 56 58 59 60 64 65 66 68 69 70 71 74 75 76 77 78 80 81 86 87 88 89 90 91 93 98 99 101 102 104 106 108 109 111 112 113 114 115 116 117 120 125 126 127
gsm8k,43,60,62,75,0 2 3 4 5 6 7 8 10 11 12 15 16 17 18 19 24 25 26 27 28 29 30 31 36 37 41 42 43 47 48 52 53 56 58 62 65 66 68 69 70 71 74 75 77 78 79 80 81 82 83 86 87 88 90 91 92 94 96 97 98 99 100 102 104 111 112 114 115 117 118 121 122 123 125
gsm8k,44,54,58,68,0 1 2 3 5 6 7 8 9 11 12 13 16 17 19 22 23 29 30 31 32 33 34 38 39 42 43 44 45 46 47 48 51 53 54 56 57 58 67 68 69 70 71 72 73 80 82 88 90 94 95 96 98 99 100 102 103 105 107 108 109 110 111 113 116 121 122 127
gsm8k,45,51,60,69,0 1 2 4 5 10 12 16 17 18 19 20 21 22 26 27 29 30 31 32 37 38 41 42 44 45 46 47 49 50 52 53 54 58 63 65 70 71 73 76 77 81 82 83 85 86 87 90 91 92 93 94 95 98 99 101 102 103 107 110 112 113 115 116 119 121 123 126 127
gsm8k,46,54,68,75,1 3 4 5 7 9 10 11 15 16 17 18 19 20 21 27 29 30 31 32 33 34 36 37 38 39 41 42 43 44 45 46 49 51 52 60 61 64 67 68 70 71 74 76 77 81 82 84 88 89 90 92 93 94 96 97 98 100 101 102 103 104 105 106 109 113 115 116 117 118 122 123 124 126 127
gsm8k,47,63,72,78,2 3 4 6 8 9 11 14 15 18 20 21 25 26 27 30 31 32 34 35 36 37 38 44 46 47 48 52 53 54 55 57 58 61 63 65 66 67 71 72 73 74 76 77 78 79 82 84 85 86 87 88 90 92 93 95 99 101 102 103 104 105 106 107 108 109 110 111 112 114 117 118 119 120 121 123 125 127
mbpp,0,88,80,104,0 1 2 3 6 7 8 11 13 16 17 18 19 21 22 23 25 26 27 29 30 31 32 33 34 35 36 37 38 40 41 42 43 44 45 46 47 49 50 51 52 53 54 56 57 58 59 60 61 62 65 66 69 70 71 72 74 75 76 78 80 82 83 84 85 86 87 88 89 91 92 93 94 95 96 97 98 99 100 101 102 104 105 106 107 108 109 110 111 112 113 114 115 116 117 119 120 121 122 123 124 125 126 127
mbpp,1,84,65,96,1 2 3 4 5 6 7 8 9 10 11 12 15 16 17 18 21 24 25 27 28 31 32 33 34 35 36 37 38 39 42 43 44 45 47 48 49 50 51 52 54 56 57 59 60 61 62 63 64 65 69 70 71 72 73 75 76 77 78 80 81 82 84 85 87 88 89 90 91 93 94 95 96 97 98 99 100 102 103 104 105 106 108 109 110 111 113 117 118 119 120 121 123 124 125 127
mbpp,2,71,48,80,1 2 3 5 6 7 11 12 13 14 16 18 20 21 23 24 25 26 27 29 30 31 34 37 38 39 40 41 44 45 46 47 48 51 53 56 57 59 60 61 64 65 66 67 69 70 75 76 77 78 79 80 81 82 86 87 89 90 91 92 93 95 96 99 100 103 107 108 110 111 112 113 114 115 119 121 122 125 126 127
mbpp,3,78,56,89,0 2 4 5 6 7 8 9 10 12 16 17 18 19 20 21 23 24 28 29 30 31 33 34 35 36 37 39 41 42 43 45 46 47 48 49 50 51 56 57 58 60 63 66 68 69 70 72 73 75 76 77 79 80 81 82 84 85 86 87 88 89 91 92 94 95 97 98 99 100 101 102 103 104 105 107 108 110 111 112 113 114 115 116 117 120 122 124 126
mbpp,4,65,45,80,2 3 4 7 8 9 10 16 21 23 24 26 27 28 30 31 32 34 35 36 38 39 43 44 48 49 50 52 55 56 57 60 63 65 66 67 72 73 75 76 78 81 83 84 85 86 87 88 89 90 91 92 93 94 95 96 98 99 100 101 103 104 105 106 107 110 111 112 113 114 115 117 118 119 121 122 123 125 126 127
mbpp,5,64,53,83,0 1 4 8 9 10 12 13 14 15 17 18 20 21 23 24 25 27 28 29 31 32 33 36 37 39 40 42 43 44 45 47 48 50 51 54 57 58 59 61 62 64 65 66 67 68 70 71 72 73 74 75 76 77 80 81 84 86 87 90 91 92 93 97 98 100 101 103 105 106 107 109 110 111 112 113 114 115 121 123 124 125 127
mbpp,6,51,46,64,1 5 8 13 16 17 18 20 21 24 25 27 29 32 34 35 37 39 40 41 43 44 45 47 54 59 60 63 64 65 70 71 72 73 76 77 78 79 80 81 83 87 88 91 93 95 96 98 99 103 104 105 107 108 109 111 113 115 118 119 121 122 126 127
mbpp,7,60,46,69,0 2 6 7 8 9 10 12 18 23 24 27 28 30 31 32 34 37 38 41 43 45 46 47 49 55 56 57 58 59 61 62 65 67 68 69 71 72 74 76 77 80 81 82 85 86 87 88 94 96 97 101 103 104 105 106 107 109 110 111 112 113 114 117 118 120 122 125 127
mbpp,8,64,53,82,1 2 3 4 7 10 11 12 14 15 16 17 18 19 20 21 22 23 24 26 27 28 29 30 31 36 37 38 41 42 43 46 49 50 51 52 53 54 57 58 60 61 63 65 66 67 70 71 72 73 74 76 77 78 79 80 81 83 84 85 86 87 88 89 90 92 93 94 98 99 102 105 109 111 112 113 114 116 118 121 124 125
mbpp,9,63,53,79,0 3 4 6 7 8 9 10 11 12 14 15 16 17 18 19 21 23 26 27 30 31 32 34 38 39 40 41 43 44 45 47 48 49 51 52 53 54 55 56 57 59 61 63 64 65 69 70 74 75 79 80 82 83 84 85 87 88 90 93 94 96 98 99 100 101 104 105 106 107 108 110 111 114 115 120 121 122 125
mbpp,10,67,56,82,0 2 3 4 8 11 12 14 15 19 20 22 24 26 27 28 29 30 31 32 33 34 35 36 37 40 42 43 44 45 46 47 48 49 50 51 53 55 56 57 58 59 61 63 65 66 67 68 69 70 71 72 74 75 79 81 83 84 87 90 93 97 99 100 101 102 103 104 105 106 109 110 111 112 115 116 117 121 122 125 126 127
mbpp,11,74,56,87,1 6 7 8 10 11 13 14 15 16 19 21 22 23 24 25 26 27 28 30 32 34 35 37 39 42 43 45 46 48 49 50 51 53 54 56 57 58 59 60 61 62 63 64 65 66 67 68 70 71 72 73 74 75 76 77 79 80 81 84 87 88 89 90 91 93 94 95 96 97 99 100 102 103 104 106 108 109 110 113 114 116 117 118 119 124 125
mbpp,12,68,57,88,0 1 3 4 5 7 8 9 10 11 13 15 17 18 19 20 21 23 24 26 28 29 30 33 35 36 37 40 41 44 47 48 49 50 51 54 55 56 57 59 60 62 64 65 66 67 68 69 71 72 75 77 78 80 81 82 83 85 86 88 89 91 92 94 95 97 98 99 100 101 105 106 107 108 109 111 112 113 116 117 118 119 120 121 122 123 124 126
mbpp,13,75,57,94,0 1 2 3 4 5 6 8 9 12 13 14 15 16 18 19 22 24 25 26 27 28 30 31 32 33 34 35 36 38 39 41 42 43 45 46 47 48 49 50 52 54 55 57 58 60 61 62 63 66 67 68 70 74 77 78 79 80 81 82 83 84 85 86 87 88 89 90 91 92 93 94 95 96 97 100 102 104 105 107 108 110 111 112 113 114 117 118 119 121 122 124 125 127
mbpp,14,66,54,82,1 4 5 6 9 12 13 14 15 16 17 18 19 20 21 22 24 25 26 28 30 31 32 33 36 41 43 45 46 47 48 49 56 59 60 61 62 63 64 65 66 67 68 69 71 72 73 75 80 81 82 83 84 85 86 87 88 89 90 91 92 96 97 100 102 104 105 106 107 110 115 116 117 118 119 120 121 122 123 125 126 127
mbpp,15,65,51,78,0 2 3 5 8 9 10 11 12 13 14 15 18 19 20 22 24 25 26 27 28 29 30 31 33 34 36 37 41 42 43 44 45 46 47 49 51 52 53 54 59 64 65 66 67 70 74 76 80 82 84 85 88 92 93 97 101 102 103 104 105 106 107 108 109 110 111 112 113 114 115 118 120 122 123 124 125 126
mbpp,16,65,49,78,0 2 4 5 6 7 8 10 11 12 13 20 22 23 25 27 28 29 31 33 34 35 36 38 39 42 44 46 47 48 50 51 53 54 58 59 61 62 63 64 65 66 67 69 70 73 76 77 81 82 83 84 85 87 89 90 91 92 95 99 100 101 103 105 106 109 110 111 112 115 119 120 121 122 123 124 125 126
mbpp,17,65,52,82,0 2 5 7 10 11 13 14 16 18 19 21 22 23 25 26 28 29 30 32 34 35 37 38 39 40 41 42 43 44 46 48 49 50 51 52 53 54 55 57 58 59 61 63 64 65 66 67 70 71 74 75 77 78 79 81 82 83 84 88 89 90 91 92 93 94 96 97 98 99 105 108 110 111 115 118 119 120 124 125 126 127
mbpp,18,54,48,65,1 5 8 13 14 16 17 21 24 25 27 30 32 35 37 38 39 40 41 43 44 45 47 50 52 55 59 60 63 64 65 68 70 71 72 73 76 77 78 79 80 81 83 87 88 91 93 96 98 99 103 105 107 108 110 111 113 115 118 119 120 121 122 126 127
mbpp,19,54,46,62,0 2 7 8 9 10 12 16 18 24 27 28 30 31 32 34 37 38 41 43 45 46 47 49 55 56 57 58 59 61 62 65 67 71 72 74 76 77 79 80 81 82 85 86 87 96 97 101 103 104 107 110 111 112 113 114 115 117 118 122 125 127
mbpp,20,59,54,76,1 2 3 4 7 9 10 11 12 15 16 17 18 19 20 22 24 26 27 28 29 30 31 32 35 37 38 41 42 43 46 49 50 51 52 53 54 55 57 58 63 65 66 67 70 71 72 73 74 75 77 79 81 83 84 85 87 88 89 93 94 97 98 99 101 102 109 111 113 114 116 117 118 121 124 125
mbpp,21,61,54,76,0 3 6 7 8 9 10 11 12 14 15 16 18 19 21 26 27 29 30 31 32 34 38 39 40 41 43 44 47 49 50 51 52 53 54 55 56 59 61 62 63 64 65 67 69 74 75 77 79 82 83 84 85 87 88 90 91 93 94 96 98 100 101 104 105 106 107 108 110 111 114 115 116 121 122 125
mbpp,22,70,57,80,0 2 3 4 8 12 14 15 16 19 20 21 22 23 24 26 27 28 29 30 31 32 33 35 36 37 38 43 44 45 46 47 48 49 50 51 53 55 56 57 58 59 61 63 65 66 67 68 69 70 71 72 74 75 77 79 81 83 84 87 90 92 93 98 100 102 104 105 106 109 110 111 112 115 116 117 121 125 126 127
mbpp,23,71,58,85,1 3 4 5 6 7 8 10 11 13 14 15 19 21 22 23 24 25 26 27 28 30 31 32 34 35 36 37 38 39 42 43 45 48 49 50 51 52 53 54 56 57 58 60 61 62 63 64 65 66 67 68 70 71 72 73 74 75 76 77 78 80 81 84 87 88 90 91 93 94 95 96 99 100 103 106 109 113 114 117 118 119 120 121 125
mbpp,24,66,55,86,0 1 3 5 7 8 9 10 11 15 17 18 19 20 21 23 24 27 28 29 30 33 35 36 37 40 41 44 46 47 48 49 50 51 52 54 55 56 57 60 64 65 66 67 69 70 71 72 75 77 78 79 80 81 82 83 85 86 88 89 91 92 94 95 96 98 99 100 101 103 105 106 107 108 111 112 113 116 117 119 120 121 122 123 124 126
mbpp,25,73,57,90,0 1 2 3 4 5 8 9 12 13 14 15 19 20 22 23 24 25 26 27 28 30 31 32 33 34 35 36 37 38 39 41 42 43 45 46 48 49 50 52 53 54 57 58 60 61 62 63 66 67 68 70 73 74 78 80 81 82 83 84 86 88 89 90 91 92 93 94 95 96 97 99 100 103 104 105 108 110 111 112 113 114 117 118 119 120 121 122 124 125
mbpp,26,64,54,82,1 2 4 5 9 12 13 14 15 16 17 19 20 21 22 24 25 26 32 33 36 41 43 45 46 47 48 49 55 56 59 60 61 62 63 64 65 66 67 68 69 70 72 73 75 78 80 81 82 83 84 85 86 87 88 89 90 91 92 93 96 97 98 100 102 103 104 105 106 107 112 114 115 116 117 118 119 120 121 122 126 127
mbpp,27,60,51,74,0 2 5 8 9 10 11 12 13 14 15 18 19 20 21 24 25 26 27 28 29 30 33 34 36 37 38 41 42 43 44 45 46 49 51 52 53 59 63 64 65 66 68 70 74 75 76 80 83 87 88 92 93 97 101 102 105 106 107 108 109 110 111 112 113 114 115 118 120 122 123 124 125 127
mbpp,28,63,48,75,0 2 4 5 6 7 12 13 20 21 22 23 25 27 28 29 31 33 34 35 36 38 39 40 42 46 48 50 51 53 54 58 59 61 62 63 64 65 66 67 69 70 73 76 77 81 83 84 85 87 89 90 91 92 94 95 98 99 100 101 103 105 106 107 109 110 112 113 119 120 121 122 123 125 126
mbpp,29,64,48,75,0 2 5 7 10 11 13 14 16 18 21 22 23 25 26 28 31 32 34 35 38 39 40 41 42 43 44 46 49 50 51 54 55 57 58 59 61 63 64 65 66 67 70 71 72 73 74 75 77 78 80 81 82 83 84 88 90 91 93 94 95 96 98 99 105 108 110 111 115 118 119 120 122 124 126
mbpp,30,52,50,68,1 5 8 14 17 20 21 24 25 26 27 32 35 37 39 40 41 43 44 45 47 49 51 52 54 55 59 60 63 65 67 68 70 71 72 73 76 77 78 79 80 81 83 84 87 88 89 91 93 96 98 99 101 103 105 107 108 111 112 113 115 118 119 120 121 122 126 127
mbpp,31,51,50,64,0 2 7 8 9 10 12 16 18 22 23 27 28 30 31 32 38 40 43 45 46 47 49 55 56 57 58 59 61 62 65 67 71 72 74 75 76 77 80 81 82 84 85 86 87 88 96 97 101 102 104 105 107 109 111 112 113 114 117 118 119 122 123 125
mbpp,32,59,53,75,1 2 3 4 7 9 10 11 15 16 17 18 19 20 22 24 26 28 29 30 31 32 35 37 38 41 43 46 48 49 51 52 53 54 57 58 60 63 65 66 67 69 70 71 72 73 75 77 79 81 83 84 85 87 88 89 90 92 93 94 96 97 98 101 102 108 111 113 114 116 117 118 121 124 125
mbpp,33,62,53,77,0 2 3 4 6 7 8 9 10 11 13 14 15 16 17 18 19 21 26 27 29 30 31 32 34 38 39 40 41 43 44 47 49 50 52 53 54 55 56 57 58 59 61 63 64 65 67 69 74 75 79 82 83 84 85 87 88 90 92 93 94 95 98 100 101 104 105 106 107 108 110 114 115 116 121 122 125
mbpp,34,71,56,82,0 2 3 4 7 12 14 15 16 19 20 21 22 23 24 26 27 28 29 31 32 33 34 35 36 37 38 40 42 43 44 46 47 48 49 50 51 54 55 56 57 58 59 61 63 65 66 67 68 69 70 71 72 74 75 78 79 80 81 84 87 90 92 93 98 100 102 104 105 106 109 110 111 112 114 115 116 117 121 125 126 127
mbpp,35,71,55,83,1 3 4 5 6 7 9 10 11 13 14 15 17 19 21 23 24 25 27 28 30 31 32 34 35 36 37 39 40 42 43 45 48 51 52 53 54 56 57 58 59 60 62 63 64 65 66 68 70 71 72 73 74 75 76 77 78 80 81 84 87 88 90 91 93 94 95 96 100 103 104 106 108 109 113 114 117 118 119 120 121 125 126
mbpp,36,64,53,82,0 3 5 7 8 10 11 15 17 18 19 20 21 23 24 27 28 29 31 33 35 36 37 38 40 41 44 45 47 48 49 50 51 52 54 55 56 57 60 64 65 66 69 71 72 73 75 77 78 79 81 82 83 85 86 88 89 91 92 94 95 96 98 99 101 103 105 106 108 111 112 113 115 116 117 118 119 120 122 123 124 126
mbpp,37,74,52,88,0 2 3 4 5 7 8 9 12 13 14 15 19 20 22 24 25 26 27 28 31 32 33 34 35 36 38 39 41 42 43 46 48 49 50 53 54 57 58 60 61 62 63 66 67 68 70 71 72 74 75 78 79 80 81 82 83 84 85 86 87 88 90 91 92 93 94 96 97 100 102 103 104 105 108 109 110 112 113 114 117 118 119 121 122 123 124 125
mbpp,38,67,51,86,1 2 4 5 6 7 12 13 14 15 16 17 18 19 21 22 23 24 25 26 27 31 32 33 36 38 40 41 43 45 46 47 49 55 56 59 60 61 62 63 64 65 66 67 68 72 75 76 78 80 81 83 85 86 87 88 89 91 92 96 97 99 100 102 103 104 105 106 107 110 112 113 114 115 116 117 118 119 120 121 122 123 124 125 126 127
mbpp,39,64,50,78,0 2 5 8 10 11 12 13 14 15 16 17 19 20 21 24 25 26 27 28 29 30 33 34 36 37 38 41 42 43 44 45 46 47 49 51 52 53 54 59 60 63 64 65 66 70 74 75 76 79 80 88 92 93 97 98 101 102 104 105 106 107 108 109 110 111 112 113 114 115 118 120 122 123 124 125 126 127
mbpp,40,63,48,82,0 1 4 5 6 7 10 11 12 13 14 15 17 20 21 23 24 25 27 28 29 30 31 33 34 35 37 38 39 42 44 46 47 48 50 51 53 54 58 59 61 62 63 64 65 66 67 69 70 75 76 77 78 81 84 87 89 90 91 92 93 95 97 98 99 103 105 106 107 109 110 111 112 113 115 119 120 121 122 123 125 126
mbpp,41,66,43,78,0 2 5 6 7 10 13 14 16 17 18 21 22 23 25 26 28 29 30 31 33 34 35 37 38 39 41 42 43 44 48 49 50 51 52 54 55 57 58 59 63 64 65 66 67 69 70 71 73 74 75 77 78 79 81 82 84 86 88 90 91 93 94 95 97 98 100 105 108 110 111 112 113 118 119 120 124 126
mbpp,42,64,53,81,0 2 6 7 8 9 10 12 14 15 17 18 20 24 25 28 29 30 32 33 34 35 36 37 38 39 40 41 43 44 45 46 47 48 49 50 52 54 56 58 60 61 63 64 65 66 69 70 72 74 77 78 80 81 82 84 85 88 90 91 92 93 98 99 101 102 103 104 105 108 109 110 111 112 113 114 116 117 120 121 126
mbpp,43,63,49,77,0 2 4 5 7 9 10 11 14 15 16 17 18 19 20 24 25 31 35 37 38 39 40 41 43 45 47 51 52 53 54 55 56 58 61 62 63 66 67 68 69 70 71 72 73 74 75 77 78 79 80 82 83 84 86 87 89 90 91 92 94 96 98 99 100 101 105 106 107 108 111 115 117 121 122 125 126
mbpp,44,62,52,82,1 2 5 7 8 9 10 11 12 14 18 19 21 22 23 24 25 26 28 29 30 31 32 34 36 39 41 42 43 44 45 46 47 48 49 51 52 53 54 55 57 58 59 60 61 62 63 64 65 67 68 70 71 73 76 77 80 82 86 90 91 94 96 97 98 99 101 102 104 105 106 108 109 110 111 112 113 114 119 121 123 127
mbpp,45,62,49,77,0 1 3 4 7 8 11 14 15 17 18 19 22 23 26 29 30 31 35 38 39 41 44 45 46 47 48 49 50 51 52 53 54 64 65 66 70 71 73 74 76 77 81 82 83 84 85 86 87 88 90 91 92 93 94 95 98 99 100 101 102 104 107 108 110 111 112 113 114 115 117 118 119 121 124 125 126
mbpp,46,69,51,88,0 1 2 3 4 5 6 8 9 10 11 13 14 16 17 18 20 21 23 25 26 27 29 31 32 33 34 37 38 39 40 42 43 44 45 46 47 48 49 50 52 53 60 62 66 67 68 70 71 74 75 76 77 78 79 81 83 84 85 86 88 90 91 92 93 94 96 97 98 99 100 102 103 104 105 106 109 110 113 114 115 116 118 119 122 123 124 125
mbpp,47,70,54,91,0 1 2 3 4 5 8 9 10 11 14 15 16 20 21 22 23 25 26 27 28 30 31 32 33 34 35 36 38 39 41 42 44 45 46 47 50 51 53 54 55 57 58 59 60 61 62 65 66 67 72 73 74 76 77 82 83 84 87 88 89 90 95 96 97 98 99 101 102 103 104 105 106 107 109 110 111 114 115 116 117 118 119 120 121 122 123 124 125 126 127
no_robots,0,83,83,86,0 1 2 3 4 7 11 12 13 14 16 17 18 21 22 23 24 26 27 28 29 31 32 33 34 38 41 43 44 45 46 47 50 51 53 57 59 60 61 62 63 64 65 66 67 68 69 70 71 72 73 75 76 77 79 80 81 82 83 84 86 87 91 92 93 97 98 100 101 103 104 105 106 107 110 111 112 114 116 118 120 122 124 125 126 127
no_robots,1,77,77,83,2 3 4 5 6 7 8 9 11 13 14 15 16 18 19 20 21 23 25 26 28 29 30 31 34 37 38 39 40 41 42 45 46 48 49 50 52 53 57 58 60 61 62 63 66 67 68 70 74 75 76 77 78 82 83 85 86 88 89 90 91 92 94 95 96 98 99 103 105 106 107 113 114 115 116 119 121 122 123 124 125 126 127
no_robots,2,63,66,72,0 2 4 6 7 8 9 10 12 14 15 16 18 24 38 40 41 45 46 47 48 49 50 51 52 53 54 55 57 59 60 62 63 64 65 67 68 69 70 72 73 74 76 77 80 82 84 85 87 88 90 93 94 95 97 100 104 107 108 112 115 116 117 118 119 120 121 122 123 125 126 127
no_robots,3,63,64,69,0 1 2 3 4 6 7 9 10 11 12 13 16 19 20 21 22 24 25 26 29 31 34 35 37 38 39 40 41 50 54 55 59 60 61 62 64 66 70 73 74 75 76 77 78 79 80 81 82 84 89 91 92 93 94 101 103 104 105 106 107 112 115 117 120 121 123 124 127
no_robots,4,56,58,61,0 1 4 5 6 7 9 10 11 18 22 23 25 27 29 32 39 40 44 46 47 48 50 51 52 53 56 57 59 60 63 67 70 73 74 76 77 79 81 83 85 86 87 90 91 93 96 97 98 101 102 104 105 106 111 113 115 116 118 122 124
no_robots,5,61,59,65,0 5 7 8 9 10 13 16 17 18 19 22 24 25 30 31 33 34 37 42 47 48 49 51 53 54 55 56 58 61 62 63 64 66 68 70 71 74 75 78 79 80 82 83 87 90 93 96 97 99 102 103 105 107 108 110 111 113 115 116 117 119 122 125 126
no_robots,6,52,54,60,3 4 7 8 9 10 13 14 22 23 25 34 35 38 39 41 42 44 46 49 52 53 54 55 56 58 61 63 64 65 71 75 78 79 83 84 85 86 87 89 93 96 97 99 100 101 103 104 105 107 109 110 114 115 116 118 123 125 126 127
no_robots,7,54,54,61,1 2 3 4 5 7 9 12 13 17 18 20 21 24 26 31 32 33 34 38 39 41 43 45 47 48 49 50 51 53 58 59 60 61 64 66 69 72 73 74 75 82 87 88 89 91 93 94 95 98 99 100 101 106 108 109 110 112 116 124 125
no_robots,8,58,60,66,2 3 4 5 8 14 15 16 17 18 20 21 22 23 24 25 27 28 32 33 35 36 37 38 39 44 45 46 47 48 51 54 55 56 57 61 62 64 65 66 67 70 74 79 80 84 86 90 94 95 99 100 103 104 105 106 108 109 110 111 116 121 122 123 124 127
no_robots,9,55,53,58,0 1 2 5 7 9 10 17 19 22 24 25 32 33 35 37 41 43 45 46 48 49 51 52 56 57 60 62 65 66 69 71 73 76 79 80 81 82 86 89 92 94 96 97 98 99 102 103 105 110 111 113 114 117 118 122 125 127
no_robots,10,59,59,65,2 3 6 10 13 14 16 18 23 25 26 30 33 35 39 40 41 43 45 50 51 52 53 55 56 57 61 62 64 68 69 70 71 73 74 75 76 78 80 82 83 85 88 90 91 94 95 96 97 98 99 101 103 105 107 108 109 110 112 113 119 120 123 124 126
no_robots,11,62,62,69,0 2 3 7 8 9 12 13 16 18 20 21 22 24 25 26 28 29 30 31 33 37 39 40 42 43 45 46 47 48 49 50 54 55 58 59 60 61 63 64 67 68 69 71 73 78 79 82 85 86 87 89 90 92 94 96 97 98 99 100 101 105 107 109 111 115 116 122 125
no_robots,12,60,61,70,0 2 4 6 8 9 12 14 15 17 18 21 23 24 25 26 27 28 30 32 34 36 38 39 40 42 43 44 46 50 52 53 56 58 61 63 65 68 69 71 73 74 75 76 78 79 80 85 87 90 95 96 97 99 100 102 103 104 105 107 108 114 115 116 118 120 121 123 124 127
no_robots,13,57,59,67,0 2 6 10 12 14 15 16 18 19 20 21 23 24 26 28 33 36 40 41 42 44 45 47 52 55 57 58 59 61 62 63 64 65 66 71 73 75 76 77 78 79 80 82 83 89 91 92 95 98 101 102 103 104 105 106 109 112 113 115 118 120 121 122 123 124 127
no_robots,14,54,52,60,3 6 7 8 10 11 14 15 16 17 18 20 22 23 28 34 36 38 39 40 44 47 48 50 51 53 55 57 58 60 62 64 66 68 69 71 72 75 76 79 80 81 82 84 86 87 88 90 92 95 96 99 100 101 102 105 107 110 111 115
no_robots,15,51,50,55,0 1 2 3 6 7 8 10 12 16 17 20 23 31 32 34 35 37 38 40 41 49 51 54 55 56 59 60 61 69 70 71 72 77 78 82 85 86 87 89 90 91 94 95 96 98 100 101 103 106 109 116 120 121 125
no_robots,16,53,51,55,4 7 8 11 13 14 15 16 18 20 24 26 29 30 33 35 37 39 40 43 45 50 51 52 55 57 60 65 72 73 75 77 78 79 80 81 83 84 89 91 94 101 102 103 105 108 110 114 115 117 119 121 123 124 127
no_robots,17,54,51,56,0 1 2 5 6 9 14 15 17 18 19 20 21 22 30 35 36 42 45 46 47 49 52 53 55 58 61 62 64 65 66 68 69 72 77 78 79 82 83 84 85 87 92 97 99 100 102 103 106 112 117 120 121 122 123 126
no_robots,18,49,54,59,3 4 7 8 9 10 13 14 22 23 24 25 26 34 38 39 41 42 44 46 49 52 54 55 56 58 61 63 64 65 70 71 72 75 78 79 83 84 85 86 87 89 93 96 97 100 101 103 105 109 110 112 114 115 116 118 125 126 127
no_robots,19,54,54,62,1 2 3 4 5 7 9 12 13 17 20 21 24 26 31 32 33 34 38 39 41 43 44 45 47 48 49 50 51 53 58 59 60 62 64 66 69 72 73 74 75 79 82 87 88 89 91 93 94 95 98 99 100 101 106 108 109 110 112 116 124 125
no_robots,20,58,59,65,2 3 4 5 8 14 15 16 17 21 22 23 24 25 27 28 32 33 35 36 37 38 39 44 45 46 47 51 53 54 55 56 57 61 62 64 65 66 67 70 72 74 80 84 86 90 94 95 99 100 101 103 104 105 106 108 109 110 111 114 116 121 122 124 127
no_robots,21,52,51,56,0 1 5 7 9 10 17 22 24 25 33 35 37 41 43 45 46 47 48 49 52 56 57 60 62 65 66 69 71 73 76 79 80 81 82 84 85 86 87 89 94 96 97 98 99 102 103 105 110 111 113 114 118 122 125 127
no_robots,22,59,59,65,2 3 6 9 10 13 14 16 18 19 23 25 26 30 35 39 40 41 43 45 50 51 52 53 56 58 61 62 64 68 69 70 71 73 74 75 76 78 80 82 83 85 88 90 91 92 94 95 96 97 98 99 103 105 107 108 109 110 112 113 119 120 123 124 126
no_robots,23,65,61,67,0 1 2 3 4 7 8 9 12 13 16 18 20 21 22 23 24 25 26 28 29 30 33 37 39 40 42 43 46 47 48 49 50 54 55 58 59 60 61 63 64 67 69 71 73 78 79 85 86 87 89 90 92 94 96 97 98 99 100 101 105 107 111 115 116 122 125
no_robots,24,60,58,69,0 2 4 6 8 9 12 14 15 21 23 24 25 26 27 30 32 34 36 38 39 40 42 43 44 46 49 50 52 53 56 58 61 63 65 67 68 69 71 73 74 75 76 79 80 85 87 90 95 96 97 99 100 102 103 104 105 107 108 112 114 115 116 118 120 121 123 124 127
no_robots,25,59,58,66,0 2 6 10 12 15 16 18 19 21 23 24 26 28 33 36 40 41 42 44 45 47 49 55 57 58 59 61 62 64 65 66 71 73 75 76 77 78 79 80 82 83 89 91 92 93 95 98 99 101 102 103 104 105 106 107 109 112 113 115 118 120 121 123 124 127
no_robots,26,56,52,62,3 4 5 6 7 8 10 11 14 15 16 17 18 20 22 23 28 34 36 38 39 40 44 47 48 50 51 53 55 57 58 60 62 64 66 68 69 71 73 75 76 79 80 81 82 84 86 90 91 92 95 98 99 100 101 102 105 107 109 110 111 115
no_robots,27,51,50,57,0 1 2 3 4 5 6 7 8 9 10 16 17 20 23 25 32 34 35 37 39 40 41 49 51 54 55 56 59 60 61 69 70 71 72 77 82 85 86 87 89 90 91 94 95 96 98 100 101 106 109 116 120 121 125 126 127
no_robots,28,57,52,60,7 8 11 13 14 15 16 17 18 20 24 26 29 30 33 35 37 39 40 42 43 44 45 50 51 52 55 57 60 65 72 73 75 76 77 78 79 80 81 82 83 84 87 89 94 100 102 103 105 108 109 110 114 115 117 119 121 123 124 127
no_robots,29,56,53,60,0 1 2 6 9 14 15 17 18 19 20 21 22 30 35 36 42 45 46 47 48 49 52 53 54 55 58 61 62 63 64 65 66 68 69 72 73 77 78 79 80 81 82 83 84 85 87 92 97 100 102 103 106 112 117 118 120 121 122 126
no_robots,30,53,54,61,3 4 7 8 10 14 20 22 23 24 25 26 27 33 34 38 39 42 44 46 49 52 54 55 56 58 61 63 64 65 70 71 72 75 78 79 83 84 85 86 87 89 93 96 97 100 101 103 105 107 109 110 112 114 115 116 118 123 125 126 127
no_robots,31,55,54,62,1 2 3 4 5 6 7 9 12 13 17 18 20 21 26 29 31 32 33 34 38 39 41 43 44 45 47 48 49 50 51 53 56 58 59 60 62 64 66 69 73 74 75 82 88 89 91 93 94 95 98 99 100 101 106 108 109 110 112 115 116 124
no_robots,32,61,60,68,2 3 4 5 8 9 14 15 16 17 20 21 22 23 24 25 27 28 32 33 35 36 37 38 39 44 45 46 47 53 54 55 56 57 61 62 64 65 66 67 70 72 74 79 80 82 84 86 90 94 95 99 100 101 103 104 105 106 108 109 110 111 116 121 122 123 124 127
no_robots,33,55,53,59,0 1 2 5 7 9 10 17 22 24 25 32 33 35 37 40 41 43 45 46 48 49 52 56 57 60 62 65 66 69 71 76 79 80 81 82 84 85 86 87 89 92 94 96 97 98 99 102 103 105 106 110 111 113 114 118 122 125 127
no_robots,34,60,58,65,2 3 6 9 10 13 14 16 18 19 23 25 26 30 33 35 39 40 41 43 45 50 51 52 55 56 58 61 62 64 68 69 70 71 73 74 75 76 78 80 82 83 85 88 90 91 94 95 96 97 98 99 103 105 107 108 109 110 112 113 119 120 123 124 126
no_robots,35,65,60,68,0 2 3 4 5 7 8 9 12 13 14 16 18 21 23 24 25 26 28 29 30 33 37 39 40 42 43 45 46 47 48 49 50 54 55 58 59 60 61 64 67 68 69 71 73 78 79 85 86 87 89 90 92 94 96 97 98 99 100 101 105 107 109 111 115 116 122 125
no_robots,36,61,59,67,0 2 4 6 8 9 12 14 15 17 21 23 24 25 26 27 28 30 32 34 36 38 39 40 42 43 44 46 50 52 53 56 58 61 63 64 65 67 68 69 73 75 76 79 80 85 87 90 92 96 97 99 100 102 103 104 105 107 112 114 115 118 120 121 123 124 127
no_robots,37,61,59,64,0 2 6 10 12 14 15 16 18 19 20 21 23 24 26 28 36 40 41 42 44 45 49 52 55 57 58 61 62 65 66 71 73 75 76 77 78 79 80 82 83 89 91 92 93 95 98 99 101 102 103 104 105 106 109 112 113 115 118 120 121 123 124 127
no_robots,38,58,55,62,3 4 5 6 7 8 10 11 15 16 17 18 20 22 23 26 28 34 36 38 39 40 44 47 48 50 51 53 55 57 58 60 62 64 66 68 69 71 73 75 76 79 80 81 82 84 86 87 90 92 96 99 100 101 102 105 107 110 111 115 117 125
no_robots,39,58,54,60,0 1 2 3 4 5 6 7 8 9 10 16 17 20 23 25 30 32 34 35 37 40 41 49 51 54 55 56 57 59 60 61 69 70 71 77 78 82 85 86 87 89 90 91 94 95 96 98 100 101 103 106 107 109 116 120 121 125 126 127
no_robots,40,60,56,63,4 7 8 11 12 13 14 15 16 17 18 20 26 28 29 30 35 37 39 40 43 44 45 48 50 51 52 54 55 57 58 60 65 73 75 76 77 78 79 80 81 82 83 84 89 90 94 100 101 102 103 105 108 109 110 114 115 117 119 121 123 124 127
no_robots,41,59,55,61,0 1 2 5 6 9 11 14 15 17 18 19 20 21 35 36 42 45 46 47 48 49 52 53 54 55 58 61 62 63 64 65 66 68 69 72 73 77 78 79 80 81 82 83 84 85 87 88 90 92 97 99 100 102 103 106 112 117 121 122 126
no_robots,42,55,52,58,2 3 4 5 6 7 8 12 14 16 17 18 21 22 23 24 25 27 28 30 31 32 36 37 39 43 49 52 55 56 59 60 64 65 66 68 69 70 71 73 74 75 77 80 81 86 90 93 98 101 102 106 113 114 115 123 125 126
no_robots,43,53,50,58,2 4 5 6 8 12 16 18 19 24 26 29 30 31 36 37 39 41 42 43 44 46 47 49 50 52 56 58 59 61 65 68 70 71 74 75 77 78 80 81 83 87 88 91 92 94 96 97 98 100 104 111 112 114 120 121 125 127
no_robots,44,49,47,52,0 3 5 6 8 9 11 13 20 22 23 24 27 29 30 31 37 38 39 42 44 45 48 51 53 54 56 58 62 69 71 72 73 80 81 83 88 89 90 94 98 99 102 104 107 110 113 116 118 119 121 122
no_robots,45,48,48,54,1 2 4 5 10 12 16 17 20 22 24 26 27 29 30 32 36 37 38 42 44 45 46 47 48 51 54 58 63 65 70 76 80 81 82 83 85 86 87 88 92 93 94 99 101 103 107 112 114 117 119 123 126 127
no_robots,46,51,50,56,1 5 7 10 11 19 22 26 27 29 30 32 33 34 36 37 38 39 43 44 45 46 51 52 54 55 60 61 67 68 71 74 75 76 80 81 82 84 94 96 97 98 101 102 103 104 105 107 111 115 117 118 122 123 124 127
no_robots,47,55,51,57,0 2 3 6 11 15 17 20 21 23 26 27 31 32 34 35 36 39 44 46 47 52 53 54 55 57 58 63 66 71 72 73 74 77 78 80 82 85 86 87 88 90 95 101 105 107 108 109 111 112 114 117 120 121 123 125 127
